PROXY,SUCCESS_REQUEST_COUNT
45.186.6.104:3128,823
98.8.195.160:443,117
204.157.185.4:999,103
181.224.244.50:999,102
186.167.80.234:8090,102
45.22.209.157:8888,101
190.121.145.115:999,96
189.240.60.172:9090,76
218.255.90.106:8002,55
27.98.187.65:8080,20
18.133.16.21:80,9
196.189.44.49:1234,5
200.10.28.185:8083,2
112.120.100.163:3128,2
170.81.77.132:2222,2
46.246.1.106:3128,2
159.65.56.88:8888,2
186.250.29.225:8080,1
103.41.33.169:58080,1
103.124.110.57:8080,1
38.7.1.185:999,1
179.1.128.57:999,1
38.41.5.85:999,1
201.49.101.173:3234,1
176.208.101.50:8080,1
157.20.218.28:8080,1
103.85.183.30:4995,1
103.27.111.156:1080,1
77.47.179.6:8888,1
84.53.245.42:41258,1
45.119.132.229:3128,1
175.103.33.126:7777,1
23.122.184.9:8888,1
179.228.241.22:8080,1
103.180.122.105:8080,1
102.36.152.26:8080,1
41.72.213.182:8090,1
45.65.137.218:999,1
83.217.23.35:8090,1
194.124.36.28:8080,1
194.5.25.34:443,1
203.190.46.127:8090,1
103.199.139.25:83,1
207.230.8.7:999,1
118.70.184.10:31300,1
120.28.168.116:8082,1
160.20.165.231:8587,1
103.88.237.91:84,1
72.10.160.90:23553,1
52.187.182.135:55555,1
179.107.85.2:8180,1
190.95.202.210:999,1
200.24.152.210:999,1
38.123.220.110:999,1
177.19.167.242:80,1
186.148.182.55:999,1
190.7.138.78:8080,1
83.217.23.34:8090,1
103.148.45.184:8080,1
49.156.44.114:8080,1
190.61.44.132:999,1
121.101.131.142:8181,1
62.33.53.248:3128,1
189.240.60.171:9090,1
193.68.115.14:8080,1
72.10.164.178:9977,1
15.235.141.213:10002,1
190.52.104.214:999,1
46.161.194.76:1976,1
119.148.54.78:1419,1
103.214.102.43:8083,1
120.50.18.146:58080,1
36.37.224.125:8080,1
190.94.212.76:999,1
200.111.232.94:8080,1
13.59.237.44:3128,1
157.230.89.122:18109,1
181.78.82.210:999,1
124.120.45.220:8080,1
181.233.62.9:999,1
103.227.187.3:6080,1
82.129.135.152:1976,1
222.127.77.167:8082,1
165.0.136.30:8080,1
190.121.4.157:999,1
196.29.192.226:8080,1
213.208.184.38:8888,1
156.228.88.238:3128,0
118.188.144.0:3128,0
200.116.230.212:8080,0
103.4.145.133:1080,0
36.64.20.129:3128,0
188.164.196.16:57614,0
45.122.123.182:8080,0
102.209.78.74:8080,0
103.191.251.54:8080,0
8.213.128.6:50,0
203.202.249.2:8080,0
46.34.174.103:8090,0
183.240.46.42:80,0
44.218.183.55:80,0
114.9.52.210:8080,0
194.182.178.90:3128,0
103.152.112.157:80,0
154.16.146.46:80,0
45.115.115.37:9090,0
27.189.128.251:8089,0
45.184.103.121:999,0
85.159.4.125:5678,0
182.253.178.231:8080,0
223.204.39.250:8080,0
209.141.35.182:53667,0
178.251.111.27:8080,0
185.169.181.17:4145,0
27.75.158.190:1080,0
125.234.88.8:1080,0
181.188.238.148:999,0
181.88.73.150:5678,0
195.58.54.98:8080,0
50.239.72.18:80,0
77.52.187.199:10000,0
149.78.186.176:32566,0
103.51.205.92:5678,0
38.159.226.211:999,0
31.129.253.30:40223,0
91.196.7.25:3128,0
147.45.43.142:32370,0
103.84.177.30:8083,0
38.57.3.41:59725,0
88.99.126.109:8080,0
103.41.90.17:83,0
15.236.106.236:3128,0
222.68.42.88:1080,0
8.213.128.6:83,0
193.105.62.11:58973,0
93.117.72.27:55770,0
118.97.107.65:5430,0
169.239.85.121:8080,0
37.46.241.247:80,0
189.22.234.35:80,0
47.74.46.81:9098,0
45.43.70.186:6473,0
122.50.6.186:80,0
45.170.102.81:999,0
1.179.194.137:4153,0
182.253.159.19:4145,0
115.147.34.99:8082,0
103.68.0.242:5678,0
104.251.93.47:16080,0
202.179.91.97:51951,0
46.183.123.241:53551,0
217.69.121.90:5755,0
103.213.218.79:20915,0
157.101.165.228:80,0
177.234.247.234:999,0
39.173.18.130:5911,0
101.47.75.23:80,0
104.207.54.62:3128,0
45.10.40.160:10006,0
43.231.78.203:8080,0
79.106.108.132:8079,0
116.125.141.115:80,0
46.159.186.48:7788,0
36.159.89.121:80,0
118.15.46.250:8080,0
8.130.90.177:9080,0
54.39.50.68:29542,0
13.36.113.81:3128,0
186.215.87.194:30009,0
218.91.158.230:7302,0
8.211.200.183:4006,0
147.75.34.92:9480,0
5.56.103.45:45747,0
104.207.33.169:3128,0
8.42.71.224:39593,0
183.109.79.187:80,0
146.103.3.63:7116,0
220.75.111.30:8080,0
212.126.5.246:42344,0
38.7.3.18:999,0
154.16.146.44:80,0
196.204.83.233:1981,0
45.64.11.45:8080,0
8.213.134.213:55443,0
145.223.46.82:5632,0
188.121.121.6:3128,0
189.22.234.47:80,0
211.128.96.206:80,0
31.43.33.55:4153,0
203.89.8.107:80,0
183.240.46.42:443,0
106.225.148.45:655,0
103.91.206.107:8805,0
124.217.64.126:8080,0
108.162.194.4:80,0
103.82.8.189:4153,0
185.105.102.189:80,0
123.30.154.171:7777,0
8.138.131.110:8081,0
156.228.108.31:3128,0
37.152.163.238:4153,0
8.211.200.183:5060,0
116.203.7.46:8080,0
176.36.190.253:8080,0
67.43.228.251:26375,0
103.162.50.13:6969,0
220.248.70.237:9002,0
103.115.31.45:8181,0
101.126.22.66:7777,0
45.70.236.194:999,0
115.127.180.90:5678,0
38.54.101.254:3128,0
181.39.15.220:999,0
177.93.51.212:999,0
103.41.33.246:51951,0
72.10.164.178:14677,0
27.189.132.78:8089,0
50.62.81.217:62565,0
46.250.232.107:61080,0
103.75.84.72:8080,0
54.185.156.94:80,0
188.127.253.162:3128,0
31.42.184.143:54366,0
8.134.149.133:8118,0
185.226.207.214:5763,0
197.251.236.226:5678,0
172.64.149.167:8880,0
154.65.39.7:80,0
190.52.100.188:999,0
35.176.148.8:3128,0
95.169.197.204:5678,0
77.47.203.105:8888,0
103.35.109.205:58080,0
79.127.56.147:8080,0
104.16.107.206:80,0
49.64.85.26:8080,0
12.165.234.249:16096,0
8.213.129.20:3127,0
166.62.36.126:45982,0
182.53.96.140:4153,0
27.73.20.153:1080,0
94.153.163.226:81,0
182.52.70.117:4145,0
51.38.82.147:1868,0
75.119.203.166:32238,0
201.220.140.6:30575,0
123.18.118.11:8080,0
202.148.22.106:5678,0
156.228.112.47:3128,0
43.228.92.6:8080,0
186.251.255.129:31337,0
1.20.207.100:4145,0
185.161.186.92:54321,0
162.214.154.176:32210,0
8.213.137.155:69,0
180.250.159.49:4153,0
159.65.221.25:80,0
201.159.97.109:8081,0
179.189.120.146:3128,0
89.104.71.70:1080,0
8.213.195.191:18080,0
68.178.201.83:54223,0
123.58.199.232:8168,0
209.14.115.101:999,0
185.226.204.155:5708,0
38.52.157.83:999,0
154.12.233.87:10000,0
8.213.128.6:1337,0
190.94.212.150:999,0
8.221.139.222:3128,0
156.228.89.73:3128,0
139.59.35.1:42675,0
171.247.241.199:1080,0
60.15.238.94:8182,0
104.207.37.251:3128,0
181.204.39.202:26312,0
34.215.231.71:80,0
202.140.62.212:8080,0
156.38.112.11:80,0
72.10.160.171:31133,0
35.212.74.86:80,0
39.101.65.228:5678,0
47.243.114.192:8180,0
47.91.29.151:8080,0
103.137.110.34:5678,0
23.42.105.117:80,0
219.65.73.81:80,0
89.161.90.203:5678,0
8.146.200.53:8081,0
106.115.87.35:9100,0
154.16.146.47:80,0
45.84.138.40:7671,0
203.77.215.45:10000,0
156.228.111.150:3128,0
67.205.177.122:44983,0
51.75.74.18:80,0
39.185.14.65:5911,0
67.43.228.250:24229,0
8.213.156.191:808,0
88.198.201.249:54612,0
61.8.70.118:2024,0
125.234.88.120:1080,0
3.124.133.93:3128,0
125.25.56.117:8080,0
103.210.206.26:8080,0
185.226.204.11:5564,0
201.204.47.66:5678,0
39.104.57.33:80,0
165.225.80.214:10605,0
150.107.192.65:8080,0
116.99.230.210:43406,0
47.238.130.212:9050,0
41.111.242.73:80,0
178.128.113.118:23128,0
190.52.108.248:6666,0
23.82.137.158:80,0
68.185.253.190:5678,0
83.168.72.172:8081,0
37.9.171.155:41075,0
185.215.53.217:3629,0
194.44.36.114:6868,0
201.71.137.90:5128,0
8.221.139.222:8108,0
213.210.67.186:3629,0
190.103.177.131:80,0
123.59.100.242:1080,0
175.100.47.191:5678,0
121.227.109.53:8089,0
104.207.33.206:3128,0
13.37.89.201:3128,0
186.211.110.178:32346,0
188.132.221.51:8080,0
156.253.164.214:3128,0
43.252.236.114:1080,0
46.32.15.59:3128,0
81.163.56.104:23500,0
36.67.14.195:5678,0
4.155.2.13:9401,0
188.132.222.47:8080,0
85.15.21.102:8080,0
27.189.131.99:8089,0
171.248.211.12:1080,0
72.10.160.172:12533,0
167.99.236.14:80,0
103.175.237.45:8085,0
202.167.222.126:4145,0
188.114.99.171:80,0
5.253.43.120:3128,0
116.231.166.126:8118,0
201.148.125.126:4153,0
31.58.18.180:6449,0
63.143.57.117:80,0
178.210.130.89:5678,0
177.12.177.69:4153,0
81.62.179.218:5472,0
202.124.43.251:4145,0
4.155.2.13:9443,0
183.88.224.86:8080,0
89.237.32.65:37647,0
103.234.24.105:8880,0
54.237.148.244:80,0
72.10.164.178:16995,0
223.25.98.82:5678,0
31.59.20.73:6651,0
46.160.90.81:5678,0
103.246.1.250:80,0
180.94.12.137:8080,0
171.247.97.42:1080,0
147.75.34.92:9400,0
38.255.21.6:999,0
45.124.170.5:8080,0
203.23.103.19:80,0
213.149.156.87:5678,0
182.253.173.18:4153,0
31.42.6.125:5678,0
67.43.236.20:6349,0
119.95.179.136:8081,0
41.33.203.227:1976,0
206.220.175.2:4145,0
77.222.58.239:13231,0
190.14.32.209:5678,0
45.87.154.214:8118,0
23.247.136.254:80,0
197.248.36.223:8080,0
75.119.205.50:51833,0
101.71.143.237:8092,0
187.103.74.137:5678,0
178.48.68.61:18080,0
89.237.34.193:37647,0
162.220.247.184:6779,0
67.43.228.250:27025,0
31.59.20.190:6768,0
113.108.13.120:4433,0
47.76.144.139:4002,0
202.137.141.26:5678,0
146.103.56.159:5707,0
43.133.66.210:15673,0
27.147.219.198:58080,0
95.38.149.139:8080,0
87.106.254.50:21025,0
47.76.144.139:5060,0
118.174.233.113:4153,0
67.43.227.226:19367,0
47.91.89.3:176,0
45.224.149.73:8080,0
179.41.8.151:80,0
158.255.77.168:80,0
181.28.137.18:5678,0
49.0.91.7:8080,0
24.172.34.114:60133,0
8.221.139.222:80,0
162.220.247.173:6768,0
18.209.220.200:22225,0
102.0.13.20:8080,0
47.176.213.210:39593,0
198.105.111.230:6908,0
47.238.60.156:88,0
181.209.82.195:999,0
41.180.96.110:4153,0
101.108.195.216:4145,0
45.174.95.242:8080,0
176.122.117.12:45806,0
190.54.12.74:5678,0
212.126.5.242:42344,0
72.10.160.170:2657,0
117.2.164.148:5678,0
61.141.226.225:3128,0
149.36.41.202:6969,0
72.10.164.178:22295,0
201.48.235.33:4153,0
23.247.137.142:80,0
5.83.244.250:8080,0
141.98.80.111:10211,0
156.228.113.143:3128,0
203.76.120.118:8080,0
41.207.187.178:80,0
203.153.121.131:8080,0
106.119.165.35:8877,0
125.234.88.105:1080,0
50.169.222.241:80,0
41.190.232.26:1080,0
31.22.7.188:56981,0
8.213.222.247:5060,0
190.102.134.102:999,0
64.90.48.27:24650,0
115.74.153.134:1080,0
8.221.139.222:6666,0
123.235.134.21:44844,0
178.212.51.145:4145,0
109.232.106.150:52435,0
3.124.133.93:80,0
154.94.12.175:1080,0
144.76.98.208:25611,0
45.43.70.65:6352,0
72.10.160.91:21213,0
103.178.194.52:8080,0
103.160.107.96:8250,0
103.129.92.44:5678,0
89.116.34.113:80,0
103.191.115.252:82,0
138.0.207.18:38328,0
80.191.105.13:8080,0
3.126.147.182:80,0
218.1.142.144:57114,0
38.54.101.254:8080,0
164.163.178.61:8080,0
103.138.14.170:8080,0
31.40.248.2:8080,0
64.176.81.125:27632,0
77.46.138.33:33608,0
38.83.108.90:5678,0
52.196.1.182:80,0
89.39.107.18:12075,0
172.232.156.94:3128,0
67.43.228.250:13441,0
47.238.134.126:5060,0
20.111.54.16:8123,0
27.147.143.142:58080,0
186.216.195.1:4153,0
43.129.201.43:443,0
170.64.175.174:8089,0
103.79.96.201:4153,0
128.140.113.110:1080,0
89.151.134.157:3629,0
47.91.89.3:5060,0
50.207.199.86:80,0
190.94.212.249:999,0
213.6.33.110:4145,0
36.91.166.98:8080,0
45.172.108.53:9991,0
186.103.130.93:8080,0
46.148.45.119:5678,0
103.131.104.125:10800,0
45.238.57.1:3629,0
103.248.30.2:5678,0
62.122.201.246:50129,0
104.207.33.63:3128,0
62.138.0.171:51181,0
67.43.236.18:1853,0
185.238.228.240:80,0
154.94.12.163:1080,0
57.128.163.242:8080,0
84.2.239.42:4153,0
178.254.62.52:61673,0
160.30.110.237:8082,0
45.128.133.141:1080,0
27.147.129.26:58080,0
156.228.91.48:3128,0
150.109.252.128:3128,0
161.97.178.90:3128,0
89.116.23.45:80,0
104.128.103.32:64312,0
68.183.122.221:5469,0
91.234.194.18:54346,0
51.89.25.53:3128,0
14.103.37.14:9100,0
72.10.160.93:21257,0
190.97.94.3:999,0
64.202.184.249:46528,0
154.94.14.129:1080,0
125.87.92.162:2324,0
105.27.130.22:9812,0
156.228.101.82:3128,0
91.210.98.61:4145,0
79.106.170.126:4145,0
198.105.111.11:6689,0
213.178.39.170:8080,0
27.159.189.12:8004,0
181.236.221.138:4145,0
195.35.2.231:80,0
171.254.218.73:1080,0
103.59.200.26:4145,0
12.89.124.138:4145,0
3.144.16.143:1081,0
43.132.219.102:80,0
156.228.118.75:3128,0
146.103.56.68:5616,0
154.65.39.8:80,0
84.39.112.144:3128,0
20.218.125.32:3128,0
8.213.222.247:6666,0
103.12.173.38:8080,0
78.38.108.194:1080,0
222.213.85.99:9002,0
8.211.42.167:41890,0
156.228.110.244:3128,0
198.105.122.117:6690,0
43.246.201.92:9080,0
210.16.85.42:8080,0
186.96.96.132:999,0
38.127.179.121:11537,0
35.215.216.90:80,0
18.135.211.182:3128,0
177.101.135.89:5678,0
45.4.144.232:4153,0
45.174.248.1:999,0
148.72.210.123:41485,0
118.113.246.106:2324,0
103.164.235.13:8085,0
185.198.3.1:11223,0
202.65.158.237:83,0
114.250.20.192:9000,0
41.128.90.51:1976,0
5.189.140.148:12299,0
45.239.175.19:8080,0
156.253.172.208:3128,0
162.144.33.212:33085,0
188.132.222.132:8080,0
203.115.101.53:82,0
47.245.117.43:80,0
204.110.190.215:23435,0
107.181.168.145:4145,0
50.62.183.223:80,0
201.91.82.155:3128,0
164.132.4.147:35323,0
20.120.225.109:3128,0
190.104.219.147:4153,0
31.58.18.142:6411,0
190.94.198.68:999,0
212.47.227.134:16379,0
45.77.4.241:9050,0
12.176.231.147:80,0
185.49.31.207:8081,0
222.68.36.142:1080,0
45.43.81.158:5805,0
80.241.251.54:8080,0
176.88.166.215:1080,0
103.229.83.106:6789,0
213.5.17.84:1080,0
45.32.244.63:80,0
37.235.28.194:8080,0
202.159.35.121:443,0
222.165.223.138:41541,0
115.127.75.26:7777,0
8.213.222.157:4002,0
116.199.169.1:4145,0
5.45.126.128:8080,0
91.142.222.105:64327,0
158.178.246.35:80,0
189.51.123.7:80,0
177.10.84.192:4145,0
31.58.18.197:6466,0
162.240.161.143:47380,0
43.206.38.60:8000,0
102.68.139.1:83,0
54.38.181.125:3128,0
103.214.9.96:3128,0
103.147.247.124:8080,0
156.228.91.214:3128,0
209.14.98.6:8080,0
113.108.13.120:8083,0
103.115.255.129:36331,0
185.200.38.229:10820,0
172.236.19.154:31111,0
177.55.57.69:3128,0
77.232.128.191:80,0
202.6.224.50:1080,0
196.44.184.138:5678,0
39.185.67.193:5911,0
179.191.23.38:5678,0
110.74.195.152:1080,0
103.151.247.235:7777,0
80.90.188.187:24530,0
8.221.139.222:9098,0
47.97.121.189:1000,0
146.103.56.59:5607,0
180.112.180.152:8089,0
31.220.43.248:7080,0
177.184.67.73:4145,0
43.129.210.41:10809,0
103.180.203.142:6969,0
118.175.206.51:8080,0
50.174.7.152:80,0
45.235.16.121:27234,0
139.162.78.109:3128,0
103.147.247.100:8080,0
8.211.195.139:1080,0
178.236.247.252:3128,0
63.35.64.177:3128,0
195.200.28.26:8888,0
31.209.98.18:51688,0
115.75.160.196:5678,0
103.247.15.97:231,0
46.98.199.154:1111,0
113.190.36.238:31300,0
27.147.144.42:96,0
60.188.102.225:18080,0
177.37.114.5:3128,0
154.239.3.184:8081,0
45.128.133.239:1080,0
178.132.0.73:11382,0
36.37.86.26:9812,0
181.39.15.218:999,0
43.250.147.180:29008,0
102.0.15.142:8080,0
45.43.70.87:6374,0
103.99.110.222:5678,0
8.213.215.187:18080,0
185.204.0.94:8080,0
66.29.154.103:3128,0
192.241.249.237:41745,0
68.183.91.154:40114,0
62.84.245.79:80,0
0.0.0.0:80,0
43.200.77.128:3128,0
156.228.77.130:3128,0
103.165.157.248:8090,0
103.48.183.113:4145,0
181.5.212.246:1080,0
54.39.41.20:65000,0
186.251.253.53:31337,0
177.93.33.244:999,0
31.42.184.144:57752,0
177.93.40.56:999,0
8.215.105.127:7777,0
45.43.70.212:6499,0
46.101.115.59:80,0
184.174.75.86:51724,0
190.94.213.23:999,0
103.105.126.26:83,0
116.98.53.33:1080,0
105.174.43.194:8080,0
176.236.37.132:1080,0
189.22.234.40:80,0
106.120.183.118:12700,0
32.223.6.94:80,0
222.252.194.204:8080,0
118.174.143.38:4153,0
67.43.228.250:22041,0
189.202.188.149:80,0
102.185.234.21:8080,0
143.137.198.221:5678,0
46.29.116.6:4145,0
156.228.84.33:3128,0
117.55.202.206:3128,0
67.43.236.20:25321,0
162.240.59.234:46010,0
182.155.254.159:80,0
8.210.17.35:4321,0
50.207.199.87:80,0
177.244.34.58:999,0
94.75.76.10:8080,0
45.190.52.24:8080,0
147.135.128.218:80,0
2.179.193.146:80,0
103.146.185.83:1081,0
143.42.66.91:80,0
202.93.244.38:8080,0
13.37.59.99:3128,0
95.31.186.2:7777,0
116.100.218.134:1080,0
123.253.124.28:5678,0
177.93.33.246:999,0
131.161.68.38:35944,0
124.120.106.86:5678,0
125.27.251.173:33008,0
93.171.224.41:4153,0
103.211.107.114:7777,0
206.189.140.176:21657,0
36.91.208.219:8080,0
154.90.49.134:9090,0
91.247.250.215:4145,0
103.48.71.62:83,0
81.12.169.254:4153,0
27.147.130.10:58080,0
154.66.110.164:60606,0
67.43.228.250:10393,0
45.43.81.177:5824,0
41.33.89.10:1981,0
91.75.3.41:8080,0
159.224.187.170:5678,0
43.135.78.162:30004,0
103.21.69.192:83,0
212.34.239.253:1080,0
103.204.54.50:1080,0
143.255.140.28:5678,0
38.127.172.198:11537,0
177.91.101.218:5678,0
89.237.33.65:37647,0
45.5.118.138:999,0
111.72.194.201:2324,0
45.131.6.77:80,0
37.187.143.172:47016,0
8.215.12.103:8007,0
8.213.222.247:8080,0
107.173.18.71:3128,0
167.179.45.56:4153,0
213.16.81.182:35559,0
157.20.244.69:3128,0
176.108.59.40:29667,0
47.251.73.54:8081,0
8.215.3.250:80,0
8.130.71.75:8080,0
31.59.33.233:6809,0
104.143.226.130:5733,0
14.29.116.148:727,0
43.134.237.27:443,0
41.90.242.102:5678,0
213.136.92.53:62909,0
128.199.202.122:3128,0
47.238.134.126:8291,0
47.240.226.173:1080,0
200.122.213.26:8080,0
39.185.44.126:5911,0
203.150.166.170:8080,0
91.108.130.18:3128,0
121.232.181.179:8089,0
156.228.116.0:3128,0
80.13.39.65:80,0
202.154.19.7:8080,0
104.207.51.48:3128,0
207.178.166.187:80,0
156.228.114.170:3128,0
27.189.129.160:8089,0
50.217.226.47:80,0
45.8.21.156:80,0
196.192.76.185:3128,0
119.18.146.114:5020,0
197.98.201.116:10909,0
138.68.21.132:45793,0
103.36.11.18:8199,0
188.132.222.149:8080,0
67.43.228.250:24225,0
103.151.31.21:6969,0
35.72.118.126:80,0
43.251.84.242:8080,0
221.217.50.124:9000,0
169.239.223.136:52178,0
67.43.228.253:27235,0
103.120.76.74:2024,0
103.17.90.6:5678,0
189.50.138.10:5678,0
78.141.238.119:51115,0
67.43.236.19:21481,0
89.221.215.128:80,0
219.92.221.108:8080,0
103.98.30.134:1289,0
103.111.219.245:4145,0
15.235.141.35:51921,0
45.9.123.41:10602,0
113.160.133.32:8080,0
198.49.68.80:80,0
103.126.219.37:8080,0
127.0.0.7:80,0
186.47.23.6:5678,0
171.237.237.218:10027,0
31.59.20.231:6809,0
8.213.215.187:8888,0
67.43.236.19:15153,0
89.149.32.10:10080,0
45.91.201.10:8081,0
203.189.96.232:80,0
138.68.60.8:8080,0
8.211.194.85:31433,0
5.160.235.243:3128,0
187.190.99.229:1080,0
139.84.145.208:3129,0
89.219.34.146:10043,0
2.85.32.45:8080,0
141.193.213.231:80,0
89.237.32.193:37647,0
92.119.74.188:5678,0
8.221.141.88:3128,0
97.74.233.64:45780,0
104.207.58.123:3128,0
103.103.88.100:8090,0
103.175.46.9:3125,0
116.202.192.120:10002,0
5.58.25.124:8080,0
213.19.205.18:54321,0
91.121.106.55:4444,0
8.210.17.35:5060,0
144.126.157.79:3128,0
209.97.132.189:8118,0
177.125.204.255:4145,0
50.217.226.40:80,0
162.241.50.179:57495,0
156.228.125.68:3128,0
202.123.183.66:5678,0
121.205.69.62:21212,0
202.51.124.166:1080,0
185.157.47.236:1080,0
47.91.104.88:3128,0
209.38.56.199:3128,0
103.132.54.54:1080,0
171.104.143.56:33080,0
103.247.13.178:1080,0
200.30.165.2:60606,0
13.52.231.180:3128,0
45.43.70.178:6465,0
103.177.235.133:83,0
171.38.151.108:8085,0
3.212.148.199:3128,0
176.9.239.181:80,0
39.108.139.217:11188,0
74.62.23.242:39593,0
103.48.71.30:83,0
212.123.230.25:8181,0
188.125.167.72:8080,0
45.43.70.108:6395,0
104.207.36.83:3128,0
91.107.253.178:3128,0
202.162.212.165:4153,0
193.233.233.119:8080,0
103.10.97.154:4153,0
103.167.87.157:39154,0
198.105.111.207:6885,0
180.244.189.46:80,0
27.189.130.23:8089,0
144.217.61.91:12524,0
153.127.195.58:4444,0
31.217.213.227:8090,0
200.70.34.22:4153,0
103.57.132.214:45958,0
51.89.194.19:18786,0
103.152.247.80:8088,0
176.99.65.12:8080,0
38.54.101.254:808,0
192.252.220.92:17328,0
58.22.19.50:8118,0
154.66.108.32:3629,0
146.103.56.151:5699,0
37.230.154.121:3629,0
39.185.40.193:5911,0
178.130.42.169:1080,0
186.148.181.69:999,0
47.104.28.135:3128,0
83.168.74.163:8080,0
157.10.97.189:3125,0
154.16.146.42:80,0
190.128.241.102:80,0
133.232.90.85:80,0
209.146.20.226:8082,0
31.214.171.217:8060,0
103.172.70.47:1111,0
91.219.171.48:8952,0
185.32.6.131:8070,0
80.249.112.162:80,0
136.143.144.187:5678,0
104.20.75.132:80,0
154.94.15.40:1080,0
181.66.37.210:4153,0
103.106.241.153:1080,0
202.65.224.133:8080,0
204.236.137.68:80,0
65.49.67.1:48324,0
182.16.171.65:51459,0
44.226.29.99:3128,0
213.6.68.210:4145,0
36.93.4.58:8080,0
13.80.134.180:80,0
23.82.137.157:80,0
188.253.112.218:80,0
39.185.63.193:5911,0
190.202.48.182:80,0
8.213.222.157:20002,0
168.205.217.58:4145,0
180.75.93.74:8080,0
188.132.222.134:8080,0
177.131.29.211:4153,0
121.13.229.213:61401,0
162.240.171.195:46221,0
190.97.94.225:999,0
5.58.33.187:55507,0
47.89.159.212:11,0
47.236.231.113:8888,0
142.4.207.10:48012,0
124.105.99.230:8080,0
8.220.205.172:9020,0
154.16.146.43:80,0
103.49.202.252:80,0
38.242.250.167:33628,0
24.53.40.150:80,0
95.182.78.6:5678,0
59.63.205.36:655,0
54.67.125.45:3128,0
36.89.85.249:5678,0
45.92.177.60:8080,0
47.97.217.108:8099,0
27.65.119.208:1080,0
54.36.13.94:11668,0
189.22.234.39:80,0
27.189.129.40:8089,0
45.43.70.210:6497,0
103.82.8.237:4153,0
142.171.102.136:3128,0
208.181.65.207:5678,0
104.18.237.128:80,0
41.33.203.238:1975,0
27.123.3.138:4145,0
47.56.110.204:8989,0
103.41.32.182:58080,0
124.121.186.37:8080,0
3.78.92.159:3128,0
187.87.199.161:3629,0
50.231.104.58:80,0
98.111.251.101:1585,0
116.212.149.218:8080,0
8.211.194.78:9098,0
91.108.113.52:3128,0
93.171.157.249:8080,0
3.122.84.99:3128,0
185.105.118.72:80,0
97.74.87.226:80,0
47.122.65.32:8080,0
82.200.106.177:5225,0
156.253.168.7:3128,0
18.134.236.231:3128,0
8.211.51.115:8443,0
8.211.195.173:5060,0
101.2.165.177:1088,0
202.159.121.145:443,0
61.7.184.39:4145,0
185.105.102.179:80,0
45.135.139.184:6487,0
72.167.149.208:2592,0
155.54.239.64:80,0
193.233.175.172:1080,0
45.128.133.225:1080,0
103.109.56.209:15108,0
27.75.144.232:1080,0
104.143.226.10:5613,0
103.189.63.149:56457,0
112.215.33.114:3629,0
50.221.74.130:80,0
8.211.200.183:8443,0
38.150.14.244:1234,0
178.156.146.230:3128,0
170.81.242.93:3128,0
190.61.84.166:9812,0
101.255.210.85:8090,0
190.52.97.27:999,0
149.86.146.197:8080,0
198.251.79.65:3128,0
135.148.32.193:58022,0
8.213.215.187:30000,0
195.178.56.37:8080,0
38.183.213.248:999,0
34.145.37.17:3128,0
67.43.228.250:3533,0
103.212.93.201:45639,0
39.101.65.228:3129,0
43.202.154.212:80,0
192.210.239.214:3128,0
185.183.36.85:8080,0
197.255.55.122:5678,0
152.228.154.20:80,0
80.194.38.106:3333,0
47.91.29.151:4002,0
103.152.112.120:80,0
49.48.48.103:8080,0
171.247.98.240:1080,0
124.122.137.150:4153,0
8.211.51.115:31433,0
38.41.27.150:11201,0
167.99.124.118:80,0
186.190.228.83:4153,0
5.166.71.63:3128,0
103.80.224.33:83,0
45.43.70.215:6502,0
63.143.57.116:80,0
185.226.204.174:5727,0
106.105.118.25:80,0
87.248.129.32:80,0
8.210.17.35:4002,0
156.228.95.219:3128,0
200.243.153.70:7092,0
38.54.101.254:8060,0
129.146.167.15:3128,0
103.81.85.121:1234,0
39.102.208.236:8081,0
67.43.228.251:7365,0
47.251.87.74:85,0
3.130.65.162:3128,0
209.14.119.197:999,0
50.232.104.86:80,0
103.189.250.69:7777,0
190.14.224.244:3629,0
35.161.172.205:1080,0
64.92.125.43:58373,0
45.61.188.134:44499,0
200.152.100.194:1080,0
45.166.246.10:4153,0
51.81.31.66:54535,0
190.121.128.217:999,0
188.132.150.37:8080,0
103.84.178.2:4153,0
95.66.244.250:8080,0
94.75.76.1:8080,0
152.228.229.209:3805,0
189.22.234.43:80,0
200.116.230.210:8080,0
39.102.208.236:9098,0
41.65.55.2:1981,0
185.66.88.86:57752,0
60.30.73.244:806,0
89.218.152.146:1080,0
89.237.35.145:51549,0
46.47.197.210:3128,0
47.238.130.212:20,0
203.190.8.35:42541,0
190.211.163.20:999,0
45.65.233.229:4145,0
52.67.10.183:80,0
213.250.198.146:7777,0
103.120.175.243:9191,0
200.105.192.6:5678,0
181.48.217.158:5678,0
200.111.158.234:5678,0
51.89.21.99:22548,0
108.142.108.255:8070,0
191.102.82.83:4153,0
103.95.97.186:31244,0
50.122.86.118:80,0
49.156.44.130:55443,0
45.95.203.213:4444,0
45.138.69.53:20000,0
157.90.178.183:3128,0
47.252.18.37:8443,0
39.185.46.193:5911,0
102.0.16.252:8080,0
93.183.88.246:3128,0
37.187.131.224:37701,0
45.188.111.243:999,0
45.174.110.7:999,0
187.44.180.233:61000,0
183.88.212.167:4153,0
147.161.201.50:9480,0
195.114.209.50:80,0
39.173.18.66:5911,0
188.132.222.230:8080,0
158.255.77.166:80,0
94.198.55.86:2906,0
45.184.103.118:999,0
217.150.40.189:3128,0
87.248.129.26:80,0
197.232.65.40:55443,0
160.22.22.85:5678,0
104.16.195.74:80,0
159.65.157.30:62873,0
185.215.53.205:3629,0
39.173.6.193:5911,0
45.128.133.145:1080,0
67.43.236.22:30193,0
103.15.140.177:44759,0
143.137.116.72:1080,0
49.76.205.9:8089,0
8.211.195.139:4100,0
5.161.103.41:88,0
104.207.36.138:3128,0
104.207.63.5:3128,0
41.70.106.1:5678,0
45.249.79.190:3629,0
182.253.71.122:5678,0
198.105.100.218:6469,0
50.96.204.252:18351,0
75.68.14.91:26601,0
150.129.109.14:5678,0
173.249.31.157:28187,0
47.243.50.83:8060,0
5.189.140.102:7497,0
162.214.102.121:19027,0
166.0.234.76:59985,0
38.54.101.254:90,0
114.35.140.157:8080,0
8.213.215.187:5060,0
145.239.10.14:30724,0
177.132.188.44:4153,0
8.211.51.115:4002,0
104.207.47.69:3128,0
212.47.244.254:16379,0
181.6.82.81:1080,0
156.228.79.13:3128,0
66.19.21.242:8989,0
183.234.215.11:8443,0
36.150.4.6:12700,0
151.106.39.195:55059,0
152.230.215.123:80,0
190.13.147.241:5678,0
203.190.46.37:3125,0
50.207.199.82:80,0
121.100.19.82:7088,0
103.79.96.166:4153,0
104.207.33.6:3128,0
172.65.165.93:30000,0
103.179.27.181:8080,0
131.100.51.143:999,0
103.147.246.185:3127,0
14.241.182.44:5678,0
117.102.72.114:4153,0
171.248.223.72:1080,0
148.66.6.213:80,0
217.69.121.119:5784,0
8.221.141.88:161,0
190.12.95.170:37209,0
203.161.62.142:22976,0
116.97.1.206:4010,0
156.228.99.218:3128,0
43.243.174.3:84,0
171.248.218.128:1080,0
203.76.103.117:4145,0
173.230.147.173:19527,0
178.16.130.81:80,0
23.95.137.158:20737,0
181.78.82.211:999,0
203.95.196.175:8080,0
103.160.12.147:8199,0
27.73.19.71:1080,0
164.163.42.34:10000,0
82.136.55.156:30755,0
156.228.80.33:3128,0
8.213.222.157:1080,0
177.93.36.43:999,0
117.177.63.75:8118,0
149.20.253.51:12551,0
46.4.246.198:3128,0
180.180.124.248:49992,0
8.220.204.92:81,0
72.10.164.178:17621,0
155.254.38.98:5774,0
36.95.56.66:5678,0
111.132.16.22:3389,0
31.172.186.69:5516,0
39.102.211.162:80,0
212.31.100.138:4153,0
188.165.220.50:62878,0
110.137.26.233:8080,0
186.3.76.227:999,0
125.141.133.46:5566,0
163.44.196.127:50955,0
67.205.174.75:18163,0
107.172.51.115:3128,0
45.70.202.161:999,0
103.40.120.85:50000,0
45.128.133.205:1080,0
8.213.151.128:3128,0
194.147.33.5:8080,0
103.172.71.204:1080,0
8.211.51.115:5060,0
162.212.153.169:8888,0
148.66.6.21:80,0
191.102.123.196:999,0
176.105.199.153:8010,0
37.187.91.170:55116,0
46.105.127.74:45108,0
104.207.37.95:3128,0
45.43.64.12:6270,0
162.19.60.219:58997,0
118.69.183.149:8080,0
181.129.62.2:47377,0
27.75.154.100:1080,0
88.99.191.147:9050,0
3.37.125.76:3128,0
191.97.6.150:999,0
72.10.160.90:26537,0
181.198.32.212:4153,0
54.212.162.236:3128,0
72.10.160.90:29219,0
185.79.243.153:38431,0
47.243.92.199:3128,0
4.14.120.230:39593,0
87.246.33.111:8080,0
182.204.179.34:1080,0
47.89.159.212:3128,0
157.66.50.33:8080,0
43.156.148.170:59394,0
1.20.184.75:4153,0
178.212.49.155:41258,0
101.36.125.154:887,0
51.15.241.5:16379,0
109.61.42.223:80,0
156.228.95.48:3128,0
154.113.161.129:5678,0
108.7.232.77:3128,0
50.207.199.81:80,0
8.213.128.6:443,0
209.141.56.216:10898,0
156.228.81.48:3128,0
104.143.224.30:5891,0
125.234.94.183:1080,0
166.0.235.135:47560,0
128.199.165.63:24005,0
45.87.68.2:15321,0
31.59.20.130:6708,0
152.170.68.57:33333,0
74.48.78.52:80,0
50.168.72.118:80,0
39.185.62.193:5911,0
190.120.249.6:999,0
171.243.24.230:30070,0
54.37.207.54:3128,0
104.207.48.245:3128,0
212.47.254.121:16379,0
154.214.1.20:3128,0
181.39.15.222:999,0
156.228.91.51:3128,0
185.89.156.130:5678,0
208.67.28.29:58090,0
20.24.43.214:80,0
45.7.177.85:52246,0
89.237.32.161:37647,0
69.36.63.128:1080,0
188.34.156.126:24572,0
103.85.192.192:13626,0
209.121.164.50:31147,0
81.90.149.186:3128,0
92.126.239.241:8080,0
103.155.196.27:8080,0
104.207.44.51:3128,0
72.10.160.90:17001,0
39.104.27.89:8080,0
60.204.144.253:7000,0
39.173.18.98:5911,0
156.228.90.154:3128,0
190.0.15.18:5678,0
47.238.134.126:999,0
45.184.74.246:45005,0
45.251.57.49:4153,0
95.111.199.248:2738,0
144.76.26.168:3128,0
8.213.222.247:4002,0
133.232.90.156:80,0
8.219.97.248:80,0
27.65.30.148:1080,0
58.23.152.29:7080,0
45.225.204.128:999,0
8.220.205.172:11,0
104.207.63.98:3128,0
155.133.83.237:58351,0
185.162.228.154:80,0
8.211.195.173:992,0
101.51.55.153:8080,0
138.124.81.13:80,0
116.106.190.142:8080,0
69.75.172.51:8080,0
5.189.239.157:80,0
156.228.111.162:3128,0
31.43.63.70:4145,0
84.247.168.26:4269,0
207.148.12.169:29929,0
210.57.216.110:4145,0
212.47.251.132:16379,0
122.15.255.229:60606,0
8.211.195.173:28737,0
77.238.233.70:1080,0
8.211.195.173:1080,0
118.91.175.146:5678,0
170.80.50.96:8080,0
105.214.99.109:5678,0
8.221.138.111:9080,0
72.10.160.90:14443,0
45.124.170.6:8080,0
101.255.165.166:1010,0
62.23.184.85:8080,0
61.247.180.182:10800,0
103.189.218.154:1080,0
139.255.94.123:57853,0
98.80.66.1:10018,0
38.15.148.58:1080,0
103.173.72.34:1111,0
23.236.197.171:3128,0
68.185.57.66:80,0
188.125.169.93:8080,0
186.96.50.113:999,0
41.139.215.225:8080,0
187.11.232.71:4153,0
208.87.243.199:7878,0
39.102.208.189:8081,0
155.254.38.168:5844,0
191.103.253.89:63909,0
71.42.125.219:4444,0
103.60.187.129:52195,0
183.214.203.219:8060,0
8.211.194.85:193,0
85.143.254.38:1080,0
171.248.209.217:1080,0
113.160.115.254:8080,0
103.148.44.253:8181,0
185.79.243.74:5678,0
54.203.7.249:80,0
154.94.13.249:1080,0
58.69.117.149:8082,0
3.123.150.192:80,0
102.165.58.199:8080,0
47.74.46.81:31433,0
34.55.246.226:3128,0
109.236.88.88:12036,0
104.152.186.112:2019,0
38.49.129.237:999,0
167.172.86.46:10471,0
217.64.149.190:8118,0
104.128.226.144:46003,0
201.20.67.70:8080,0
173.249.33.122:8292,0
103.173.138.190:8080,0
183.87.160.62:84,0
91.92.96.210:8080,0
189.195.139.178:999,0
45.161.201.204:3386,0
193.31.41.19:8080,0
38.255.84.82:999,0
51.89.96.237:3128,0
31.58.18.191:6460,0
188.165.218.101:57170,0
38.183.214.50:8080,0
61.134.105.186:10019,0
149.51.37.181:3128,0
103.93.93.123:3128,0
135.125.132.117:54924,0
178.251.111.26:8080,0
181.209.82.202:999,0
8.42.71.5:39593,0
94.23.11.131:10071,0
43.251.133.179:8080,0
190.94.212.197:999,0
103.229.47.120:4153,0
91.240.63.215:5678,0
67.43.227.229:27387,0
46.202.148.250:3128,0
161.97.104.4:8080,0
188.241.45.142:2021,0
156.228.116.35:3128,0
31.146.84.142:61669,0
54.37.72.89:80,0
50.174.7.159:80,0
177.38.72.49:9292,0
199.188.93.214:9000,0
125.25.57.57:4153,0
185.87.121.5:8975,0
54.249.86.224:8000,0
95.164.117.150:47745,0
134.35.195.175:8080,0
178.253.197.186:4153,0
193.198.36.102:61760,0
91.199.93.32:4153,0
47.238.128.246:8081,0
104.207.33.150:3128,0
154.94.15.133:1080,0
198.12.248.208:10570,0
47.74.46.81:5060,0
208.89.96.187:47303,0
118.163.27.53:8118,0
103.22.183.23:8080,0
103.93.177.97:5678,0
41.223.246.148:8080,0
72.10.164.178:16139,0
101.255.149.202:8080,0
54.185.7.98:80,0
103.143.168.98:84,0
200.49.99.78:9991,0
103.162.16.113:8080,0
72.167.221.145:61373,0
45.143.95.47:3128,0
38.127.172.219:174,0
208.97.137.49:43037,0
162.214.165.203:80,0
198.105.111.85:6763,0
190.128.203.214:3128,0
5.183.146.195:1080,0
8.219.155.57:1080,0
112.204.137.228:8080,0
61.160.247.69:9999,0
8.213.215.187:8443,0
54.233.119.172:3128,0
82.193.103.54:5678,0
188.166.234.144:5445,0
67.43.227.226:5781,0
187.44.180.229:61000,0
190.120.251.253:8989,0
104.16.226.6:80,0
44.195.247.145:80,0
72.10.160.170:33229,0
124.107.206.181:8082,0
107.180.90.88:4756,0
122.116.125.115:8888,0
162.144.103.99:36511,0
58.147.171.110:10801,0
190.94.212.228:999,0
51.210.147.170:59794,0
103.219.75.2:8080,0
190.61.47.78:9992,0
47.98.183.59:37963,0
103.14.20.225:5678,0
104.207.55.98:3128,0
123.59.100.247:1080,0
51.68.74.164:23035,0
104.143.226.20:5623,0
156.228.83.229:3128,0
122.248.46.26:4145,0
47.239.217.242:80,0
119.235.19.138:5678,0
164.68.127.147:14152,0
142.44.210.174:80,0
156.228.92.119:3128,0
131.0.226.198:9898,0
93.190.139.54:11929,0
8.211.194.78:443,0
31.170.19.142:4153,0
5.252.21.13:1080,0
186.189.66.18:4153,0
156.228.88.117:3128,0
162.223.90.130:80,0
181.143.59.140:4153,0
3.141.217.225:80,0
18.223.25.15:80,0
5.135.103.166:80,0
194.182.187.78:3128,0
109.107.187.49:8080,0
103.144.209.104:3629,0
47.56.110.204:8990,0
203.175.102.22:8082,0
211.202.167.56:80,0
52.26.114.229:1080,0
62.182.83.214:1080,0
51.75.86.68:3128,0
154.94.14.56:1080,0
8.211.200.183:1080,0
139.0.27.91:80,0
103.60.180.165:4145,0
38.45.242.120:999,0
177.93.35.50:999,0
47.238.60.156:8080,0
62.182.204.81:88,0
58.243.224.244:8085,0
158.255.77.169:80,0
149.86.142.201:8080,0
171.248.208.130:1080,0
198.105.122.221:6794,0
84.38.188.184:30050,0
188.255.244.53:1080,0
222.68.41.137:2324,0
62.201.233.59:4145,0
167.114.95.253:51448,0
50.60.156.224:8080,0
68.233.112.78:3128,0
154.73.108.206:1981,0
116.9.163.205:5678,0
207.55.243.80:56907,0
23.82.137.161:80,0
103.156.16.227:8080,0
156.228.117.57:3128,0
8.213.211.216:53128,0
157.66.16.33:8070,0
45.196.151.59:5432,0
223.25.109.146:1080,0
188.112.179.204:80,0
39.185.44.125:5911,0
157.15.80.32:7777,0
27.75.149.128:1080,0
194.163.171.163:36092,0
179.48.80.9:8085,0
8.213.137.155:89,0
103.118.46.61:8080,0
181.115.144.182:5678,0
45.121.41.11:8080,0
103.149.238.106:8080,0
27.79.248.34:16000,0
190.61.80.98:999,0
85.239.121.172:4145,0
36.37.189.64:5678,0
170.239.222.84:8080,0
125.26.165.245:8080,0
93.184.9.9:1080,0
85.30.219.207:80,0
50.169.222.243:80,0
3.129.184.210:80,0
121.227.118.175:8089,0
36.152.20.72:12890,0
41.220.138.246:8040,0
196.1.95.124:80,0
222.165.231.202:41541,0
104.207.48.146:3128,0
156.228.124.130:3128,0
47.251.87.74:4002,0
103.105.40.1:4145,0
162.240.160.37:47380,0
221.132.18.38:80,0
181.78.78.162:999,0
133.18.234.13:80,0
47.83.192.255:8888,0
78.38.100.121:8080,0
156.228.98.20:3128,0
8.211.195.173:1234,0
36.67.125.55:5678,0
103.159.46.10:83,0
103.121.195.12:61221,0
103.137.218.233:83,0
109.87.183.226:4145,0
104.17.248.164:80,0
45.161.201.203:3386,0
114.130.39.169:8080,0
41.33.56.22:1976,0
4.156.154.148:3128,0
89.237.35.129:51549,0
185.43.249.148:39316,0
156.228.84.29:3128,0
177.234.244.135:999,0
103.118.152.12:8080,0
200.10.28.89:8083,0
45.184.103.110:999,0
51.254.78.223:80,0
203.150.128.190:8080,0
67.43.236.19:29613,0
156.228.114.255:3128,0
103.47.94.97:1080,0
3.21.101.158:3128,0
195.178.56.32:8080,0
177.99.72.53:8080,0
14.63.49.131:4145,0
190.2.209.58:999,0
68.208.221.179:80,0
3.122.84.99:80,0
132.148.167.56:26337,0
190.16.199.142:3128,0
172.105.193.238:1080,0
177.136.124.46:56113,0
149.129.251.31:3128,0
142.93.150.134:18308,0
50.239.72.16:80,0
171.248.209.212:1080,0
38.156.238.67:999,0
91.107.196.104:8585,0
175.103.57.198:57413,0
188.166.229.121:80,0
39.104.16.201:8443,0
103.106.240.1:96,0
8.220.204.215:31433,0
142.54.239.1:4145,0
181.48.193.42:2580,0
118.113.247.84:2324,0
39.101.65.228:81,0
103.228.118.130:1080,0
156.228.106.12:3128,0
103.23.41.110:30058,0
107.181.154.131:5809,0
148.66.6.214:80,0
185.226.207.6:5555,0
65.108.239.60:3128,0
78.108.108.9:8080,0
18.228.198.164:80,0
220.233.184.21:80,0
156.228.116.163:3128,0
82.114.65.14:53281,0
89.117.22.218:8080,0
39.185.32.193:5911,0
122.248.45.25:4145,0
188.164.197.178:52660,0
5.202.104.142:3128,0
103.76.201.53:4145,0
18.134.236.231:80,0
208.109.229.141:62341,0
47.238.130.212:5060,0
72.10.164.178:24661,0
131.100.240.83:4145,0
202.169.38.139:9090,0
212.231.197.29:4145,0
45.170.102.1:999,0
164.163.32.3:7497,0
103.156.75.41:8181,0
141.105.107.152:5678,0
177.130.49.201:8080,0
27.75.145.200:1080,0
83.168.84.62:4153,0
36.66.170.25:4153,0
82.146.37.145:80,0
182.253.216.8:8080,0
102.0.16.244:8082,0
185.138.120.109:8080,0
141.95.1.186:3128,0
80.89.137.54:4145,0
5.128.15.152:3128,0
51.81.186.179:55282,0
8.213.197.208:8000,0
72.10.160.170:26757,0
194.182.163.117:3128,0
203.153.125.13:65424,0
45.77.99.122:10524,0
183.91.80.194:8089,0
154.222.28.11:3128,0
185.180.109.8:3128,0
8.213.137.155:18081,0
102.222.88.226:8080,0
50.63.26.13:53887,0
47.90.221.81:10006,0
98.64.128.182:3128,0
216.158.246.90:51012,0
85.214.107.177:80,0
144.126.216.57:80,0
190.14.249.176:999,0
94.41.246.203:3128,0
188.132.222.46:8080,0
154.79.248.156:5678,0
217.69.121.126:5791,0
45.43.64.110:6368,0
184.105.133.1:48324,0
103.61.116.138:5678,0
219.93.101.60:80,0
103.155.198.105:7777,0
190.94.212.216:999,0
154.113.160.1:5678,0
171.237.237.218:10001,0
103.153.247.118:8387,0
213.16.56.132:4153,0
144.76.254.36:843,0
1.0.136.198:23969,0
39.102.214.199:9999,0
51.83.70.247:7330,0
47.238.60.156:2526,0
23.247.136.245:80,0
39.185.6.193:5911,0
20.205.61.143:80,0
45.4.1.196:999,0
129.205.138.174:4145,0
172.191.74.198:8080,0
181.78.23.170:4153,0
170.238.239.71:60606,0
103.226.251.105:46273,0
103.105.76.49:8080,0
209.14.113.2:999,0
8.211.195.173:18080,0
156.253.165.12:3128,0
159.224.66.253:5678,0
198.74.51.79:8888,0
165.232.129.150:80,0
180.211.183.178:33445,0
58.59.61.200:10991,0
203.115.101.55:82,0
103.19.10.245:4153,0
39.102.213.187:8008,0
217.182.210.152:80,0
47.247.218.29:3129,0
181.129.147.162:8080,0
181.143.61.124:4153,0
125.164.209.224:8080,0
156.253.173.133:3128,0
103.105.86.62:5678,0
141.94.107.204:59717,0
62.171.136.238:8080,0
104.207.45.253:3128,0
186.148.195.70:999,0
166.62.38.100:20654,0
182.204.182.147:1080,0
3.127.121.101:80,0
85.194.244.91:57732,0
18.228.149.161:80,0
103.131.19.30:8011,0
180.180.123.40:8080,0
118.172.134.75:4145,0
1.32.59.217:47045,0
156.228.82.46:3128,0
223.130.23.18:8080,0
145.239.81.129:8008,0
8.220.136.174:12000,0
38.10.69.107:9090,0
118.113.246.222:2324,0
37.187.133.177:55120,0
111.1.61.47:3128,0
124.158.153.218:8180,0
41.203.213.211:8105,0
92.55.24.153:10810,0
38.57.3.47:55548,0
47.121.182.36:8080,0
162.241.73.195:51158,0
188.166.56.246:80,0
190.97.252.18:999,0
103.172.42.227:8080,0
104.207.40.60:3128,0
50.217.226.41:80,0
159.223.166.21:47460,0
67.43.228.250:20469,0
103.41.88.182:83,0
159.192.138.170:8080,0
103.63.190.84:8080,0
2.229.249.153:4145,0
175.139.233.79:80,0
185.36.132.223:9050,0
105.214.100.63:5678,0
47.236.8.166:18080,0
8.213.137.155:8015,0
80.15.216.57:80,0
177.69.214.155:53281,0
186.65.107.2:666,0
202.151.163.10:1080,0
138.68.60.8:3128,0
45.55.41.15:10743,0
104.207.35.19:3128,0
14.102.92.2:83,0
162.220.247.36:6631,0
111.72.185.78:44844,0
77.65.23.74:13110,0
5.8.240.94:4153,0
190.43.92.248:5678,0
102.223.186.246:8888,0
190.90.39.72:999,0
157.20.253.167:8080,0
3.71.239.218:3128,0
47.122.65.254:80,0
41.59.90.171:80,0
110.77.161.197:4145,0
8.211.51.115:9050,0
157.66.16.44:8080,0
31.6.26.113:3128,0
103.132.245.100:58080,0
5.252.224.41:30206,0
104.207.47.92:3128,0
222.68.36.25:1080,0
38.7.20.199:999,0
8.215.108.194:7777,0
59.37.95.35:8072,0
51.83.140.70:8181,0
217.15.175.162:3128,0
103.174.175.99:8085,0
193.37.68.203:3128,0
46.10.229.243:7777,0
188.164.197.103:56741,0
191.81.200.229:8080,0
147.182.180.242:80,0
8.220.204.215:8888,0
157.10.3.10:8080,0
115.159.65.66:7302,0
41.184.211.21:5678,0
156.228.95.65:3128,0
41.65.236.47:1976,0
198.105.100.76:6327,0
197.248.75.221:8105,0
190.53.46.11:45535,0
38.41.0.62:11201,0
38.10.69.109:9090,0
195.116.155.169:3629,0
13.38.153.36:80,0
135.148.50.156:60071,0
8.213.197.208:2083,0
45.167.126.105:999,0
14.224.183.185:8080,0
201.174.239.22:4153,0
109.238.12.156:3005,0
185.226.207.17:5566,0
8.213.195.191:4002,0
103.216.49.233:8080,0
82.102.10.253:80,0
64.119.30.126:5678,0
38.56.23.193:999,0
50.175.212.74:80,0
202.74.243.182:228,0
128.199.104.190:41354,0
36.93.204.241:8080,0
38.45.32.131:999,0
155.254.38.161:5837,0
171.248.223.70:1080,0
27.79.164.240:16000,0
47.238.128.246:8002,0
103.214.9.97:3128,0
186.10.102.218:5678,0
103.179.84.143:8080,0
156.228.114.224:3128,0
187.94.248.32:15552,0
67.43.228.253:27053,0
156.228.98.100:3128,0
156.228.85.228:3128,0
107.181.154.237:5915,0
67.43.228.251:32091,0
165.225.204.117:10605,0
47.128.161.196:3128,0
77.83.246.25:80,0
143.255.85.18:999,0
31.56.78.215:8080,0
212.57.3.194:8080,0
86.57.134.64:41890,0
41.33.203.228:1976,0
68.178.173.3:22703,0
172.237.27.203:3128,0
35.176.148.8:1080,0
103.226.232.164:8099,0
150.95.26.221:54649,0
104.18.65.115:2105,0
192.227.138.235:3128,0
8.213.137.155:8282,0
185.130.219.12:4153,0
8.213.137.155:8082,0
51.89.255.67:80,0
14.225.8.195:3218,0
85.30.219.207:8080,0
159.89.164.144:47023,0
36.49.86.159:10004,0
1.85.63.106:5600,0
38.41.53.149:9090,0
113.23.98.176:8080,0
51.254.132.238:90,0
104.37.102.45:8282,0
103.86.109.38:80,0
104.207.43.17:3128,0
151.232.18.66:5678,0
104.207.59.181:3128,0
119.82.242.200:8080,0
8.211.49.86:1080,0
104.18.220.95:80,0
82.146.37.142:1080,0
140.110.160.130:3128,0
89.46.249.253:53018,0
35.79.120.242:3128,0
24.106.221.230:10838,0
77.238.224.28:8080,0
189.22.234.37:80,0
109.176.198.142:80,0
123.58.223.110:8080,0
104.207.51.179:3128,0
43.231.192.105:4145,0
8.213.128.90:8093,0
34.135.166.24:80,0
104.207.44.86:3128,0
164.90.160.201:3128,0
185.99.133.79:9999,0
72.10.164.178:21717,0
119.11.205.96:8080,0
152.53.107.67:1080,0
202.74.244.139:5020,0
45.172.1.4:800,0
156.228.118.128:3128,0
103.160.41.138:3829,0
111.72.196.191:2324,0
177.23.156.192:18800,0
103.12.246.41:13494,0
79.106.165.246:8989,0
45.236.112.9:60399,0
138.201.159.200:8118,0
130.193.123.34:5678,0
116.193.216.131:8080,0
72.10.164.178:6643,0
209.14.119.220:999,0
185.191.165.28:1080,0
154.94.15.82:1080,0
152.26.229.52:9443,0
47.74.46.81:50,0
143.198.226.25:80,0
47.113.189.83:10012,0
103.156.74.154:8199,0
46.98.240.115:50001,0
202.61.204.51:80,0
103.155.168.9:8299,0
115.127.67.26:1080,0
51.161.99.114:29758,0
194.124.36.248:8080,0
88.12.54.146:1081,0
142.93.74.127:3128,0
188.132.222.54:8080,0
124.41.213.174:5678,0
51.15.180.169:3128,0
162.240.104.248:61149,0
104.207.47.143:3128,0
112.221.46.117:4153,0
39.185.31.193:5911,0
67.43.228.250:30587,0
103.195.65.169:8080,0
103.175.224.93:8080,0
119.148.36.190:46813,0
168.196.214.187:80,0
104.207.35.172:3128,0
185.159.153.234:80,0
72.10.160.90:6007,0
13.56.192.187:80,0
45.43.64.84:6342,0
203.115.101.61:82,0
212.36.16.110:3128,0
192.163.200.82:17071,0
152.228.215.163:21809,0
47.91.89.3:9098,0
115.147.63.59:8081,0
103.146.196.11:8080,0
142.54.237.34:4145,0
155.133.83.253:58351,0
43.153.73.106:443,0
198.105.100.38:6289,0
3.10.93.50:80,0
37.131.165.19:59341,0
47.237.107.41:5060,0
190.94.213.58:999,0
200.119.141.114:999,0
118.113.245.137:2324,0
85.51.155.18:3128,0
103.215.187.67:8080,0
31.43.33.56:4153,0
189.70.40.117:8080,0
104.207.47.116:3128,0
95.174.71.144:40254,0
202.75.111.129:5678,0
8.211.194.78:8008,0
36.67.147.222:4153,0
200.111.104.59:3129,0
54.203.110.216:8080,0
170.81.108.46:4153,0
4.175.200.138:8080,0
188.132.222.45:8080,0
35.178.104.4:80,0
38.7.1.198:8080,0
208.67.28.27:58090,0
65.1.244.232:3128,0
103.212.93.217:45639,0
103.239.200.226:1337,0
47.74.46.81:18080,0
157.66.36.36:3125,0
101.69.252.123:8038,0
154.85.58.149:80,0
157.66.85.76:8008,0
107.181.154.72:5750,0
172.67.150.173:80,0
213.212.204.206:1976,0
202.46.84.226:65437,0
97.74.229.3:45644,0
200.95.184.62:999,0
46.105.124.216:48481,0
38.54.101.254:80,0
38.127.172.18:11537,0
38.127.179.26:42908,0
63.220.196.123:8080,0
47.238.134.126:18080,0
148.72.23.56:64607,0
45.40.136.39:45741,0
172.236.211.52:7777,0
34.219.255.95:3128,0
41.33.219.132:8080,0
103.151.155.18:11080,0
160.248.7.177:80,0
72.10.160.171:18759,0
8.213.222.157:8443,0
175.139.233.78:80,0
20.242.220.58:3128,0
103.148.178.10:80,0
67.43.228.250:8591,0
38.159.227.194:999,0
80.65.80.230:5678,0
34.122.187.196:80,0
193.200.151.69:32777,0
115.85.74.114:5678,0
8.221.138.111:31433,0
103.116.202.241:5678,0
190.211.161.212:32410,0
47.100.19.147:3129,0
72.10.160.173:10541,0
47.104.27.249:8008,0
13.59.156.167:3128,0
27.79.148.161:16000,0
45.162.126.17:999,0
23.247.136.248:80,0
185.119.59.63:7777,0
47.254.36.213:5060,0
185.226.207.16:5565,0
8.213.129.15:8009,0
8.221.141.88:144,0
185.139.155.155:1976,0
188.132.221.170:8080,0
41.216.160.138:8082,0
156.228.117.52:3128,0
141.11.103.136:8080,0
41.40.175.222:8080,0
192.73.244.36:80,0
221.153.92.39:80,0
51.210.54.186:8585,0
156.228.108.115:3128,0
103.153.134.27:8090,0
50.168.72.115:80,0
203.160.61.103:4145,0
85.248.57.129:4153,0
156.253.179.233:3128,0
4.155.2.13:80,0
101.71.157.214:8882,0
65.108.203.35:18080,0
34.81.160.132:80,0
177.72.156.75:8080,0
43.134.101.186:59394,0
188.165.220.44:56202,0
157.66.84.54:8181,0
189.201.153.89:999,0
103.151.140.124:10609,0
202.166.205.242:17501,0
146.103.3.11:7064,0
133.232.90.96:80,0
8.211.200.183:8008,0
175.111.129.156:8080,0
41.65.103.9:1981,0
39.185.56.193:5911,0
49.48.142.127:8080,0
144.217.253.110:25428,0
195.2.79.116:1080,0
182.253.21.26:46977,0
8.130.39.117:9080,0
20.121.228.60:3128,0
3.135.146.74:443,0
103.112.234.65:5678,0
192.145.205.110:8080,0
216.229.112.25:8080,0
45.132.75.19:34703,0
103.140.167.185:8080,0
203.205.34.58:5678,0
91.147.235.99:4145,0
103.92.153.24:8137,0
103.25.79.74:32650,0
117.20.56.203:4145,0
103.172.188.228:8080,0
117.102.81.5:53281,0
50.168.72.116:80,0
131.221.182.14:4153,0
94.182.199.249:8080,0
91.134.44.233:7146,0
23.82.137.162:80,0
43.133.136.208:8800,0
171.237.237.218:10015,0
67.43.236.18:24517,0
38.242.216.90:50226,0
175.139.201.193:4153,0
111.199.233.225:9000,0
200.29.109.112:14888,0
38.52.161.194:999,0
8.211.195.139:18080,0
171.248.214.214:1080,0
66.29.128.190:37766,0
46.209.15.187:8080,0
8.211.49.86:7777,0
188.32.100.60:8080,0
46.101.210.101:48684,0
125.107.218.169:8085,0
8.215.15.163:4145,0
159.255.187.47:8080,0
189.22.234.34:80,0
176.123.168.186:10050,0
103.25.81.116:8080,0
85.159.104.220:4153,0
178.128.148.69:3128,0
49.48.69.144:8080,0
64.201.87.248:8899,0
54.251.173.145:8080,0
8.209.96.245:18080,0
103.125.160.178:83,0
185.226.204.159:5712,0
5.78.83.35:8080,0
145.223.85.59:3128,0
189.22.234.41:80,0
16.28.0.234:443,0
121.227.118.189:8089,0
212.200.89.254:4153,0
5.78.124.240:40001,0
51.159.66.158:3128,0
217.197.151.182:5678,0
202.51.126.241:1080,0
207.148.68.198:999,0
200.60.145.167:8082,0
157.66.16.49:8585,0
109.123.254.43:30513,0
154.38.161.76:62047,0
179.32.62.127:999,0
20.210.113.32:8123,0
183.196.80.217:8060,0
103.24.213.230:8080,0
205.185.113.92:1080,0
171.254.2.112:1080,0
110.185.102.103:51800,0
103.106.34.66:8080,0
81.31.234.70:80,0
45.123.142.100:8181,0
130.245.32.202:80,0
72.10.160.171:18745,0
8.211.49.86:1088,0
1.202.174.38:49080,0
104.207.34.63:3128,0
185.226.204.20:5573,0
91.150.189.122:60647,0
159.65.245.255:80,0
188.132.222.36:8080,0
8.213.197.208:1080,0
45.229.158.106:80,0
27.79.197.224:8080,0
50.174.7.156:80,0
116.203.50.3:8080,0
45.191.75.186:999,0
8.211.194.85:1080,0
77.228.182.122:8080,0
181.49.122.78:999,0
171.249.156.0:5678,0
104.207.42.181:3128,0
8.211.49.86:5007,0
20.205.61.143:8123,0
104.207.55.148:3128,0
37.224.104.97:5678,0
47.91.121.127:8080,0
54.37.78.53:27606,0
49.0.156.20:32000,0
116.106.104.148:1080,0
85.9.87.26:8080,0
217.144.106.12:3128,0
105.101.197.135:3128,0
101.36.117.83:12366,0
95.164.117.150:16478,0
37.252.86.97:5678,0
188.40.59.208:3128,0
46.226.148.105:36826,0
110.77.135.70:4145,0
62.183.96.197:8080,0
171.237.237.218:10003,0
157.20.253.43:8989,0
147.75.34.92:10000,0
41.65.55.10:1976,0
104.238.100.115:45314,0
47.238.60.156:8081,0
50.207.130.238:54321,0
184.82.142.18:4145,0
52.35.240.119:3128,0
116.109.68.216:1080,0
93.103.8.183:4153,0
95.38.75.60:4145,0
103.106.181.10:83,0
50.172.39.98:80,0
46.10.40.39:4145,0
178.177.54.157:8080,0
186.227.119.91:8080,0
47.91.29.151:41,0
121.227.118.144:8089,0
103.105.110.196:8080,0
47.238.134.126:51,0
103.124.136.138:3125,0
39.102.210.222:9098,0
72.10.160.91:31689,0
197.255.126.69:80,0
45.162.132.157:999,0
50.175.212.66:80,0
190.211.250.132:999,0
103.30.0.249:4145,0
67.43.227.226:13777,0
8.213.129.20:2020,0
171.221.174.230:10800,0
103.190.94.114:10801,0
61.7.183.26:80,0
103.87.81.86:5678,0
143.42.191.48:80,0
103.48.70.81:83,0
50.168.72.112:80,0
119.13.125.238:1080,0
217.160.162.25:8888,0
190.61.61.210:999,0
41.60.235.118:5678,0
100.4.91.158:8080,0
104.16.108.234:80,0
50.174.7.153:80,0
170.78.94.200:5678,0
186.215.87.194:30008,0
149.129.226.9:8080,0
47.74.46.81:9080,0
31.148.207.153:80,0
42.194.168.94:27799,0
103.69.20.38:4145,0
106.42.30.243:82,0
178.217.89.78:8080,0
154.94.15.101:1080,0
190.111.209.207:3128,0
43.135.162.16:47069,0
198.105.122.86:6659,0
185.25.117.20:21359,0
72.10.160.93:17923,0
50.169.37.50:80,0
103.172.86.241:58080,0
8.220.205.172:9000,0
8.211.195.139:8000,0
45.70.85.33:58080,0
8.209.96.245:4002,0
137.184.42.134:12544,0
185.32.44.1:4153,0
152.67.208.80:57048,0
177.93.49.202:999,0
38.51.243.189:9991,0
188.125.169.71:8080,0
190.202.111.202:8080,0
181.129.140.83:33674,0
120.76.244.188:8080,0
77.90.13.41:50449,0
59.39.63.54:6399,0
8.213.195.191:90,0
103.105.86.61:3629,0
188.0.154.140:8080,0
191.101.80.162:80,0
103.167.170.22:1111,0
223.205.181.94:8080,0
182.16.175.171:5678,0
156.228.76.146:3128,0
104.207.36.73:3128,0
190.121.143.129:999,0
184.169.154.119:80,0
103.190.171.197:8080,0
104.152.186.113:2019,0
103.10.230.246:1337,0
38.196.193.253:999,0
94.23.171.143:50001,0
190.109.72.224:33633,0
200.199.195.138:4145,0
8.221.139.222:8008,0
93.190.141.73:11884,0
202.29.220.202:61507,0
218.23.15.154:9002,0
37.187.131.224:28113,0
103.189.197.113:8181,0
80.92.205.205:43584,0
196.219.202.74:8080,0
45.238.112.228:56789,0
63.143.57.120:80,0
185.88.154.247:8585,0
103.78.52.130:4153,0
74.208.75.233:3128,0
66.191.31.158:80,0
190.140.31.195:9900,0
51.38.99.136:3128,0
45.70.236.195:999,0
37.255.183.2:5678,0
202.142.155.218:8080,0
222.74.73.202:42055,0
103.154.77.47:89,0
47.117.138.120:1080,0
149.20.253.58:12551,0
103.251.83.61:8080,0
197.232.47.122:8080,0
192.99.199.49:3128,0
1.179.231.130:8080,0
148.72.212.183:22050,0
103.8.59.1:4145,0
41.139.147.86:5678,0
3.113.159.255:8000,0
162.220.246.24:6308,0
47.74.46.81:37777,0
79.175.189.50:80,0
116.100.220.93:1080,0
103.88.236.113:84,0
79.110.202.184:8081,0
103.137.45.132:55432,0
58.33.89.106:8444,0
116.254.98.30:8080,0
46.101.163.117:43593,0
135.181.154.225:80,0
116.106.105.170:1080,0
118.172.47.97:51327,0
103.186.184.116:30037,0
167.249.30.253:999,0
50.168.72.113:80,0
82.200.80.118:8080,0
8.221.141.88:8081,0
152.67.221.233:8008,0
173.249.31.67:13691,0
168.228.51.197:41037,0
45.84.138.40:7694,0
45.184.103.116:999,0
37.187.25.85:80,0
8.211.42.167:1234,0
46.209.207.153:8080,0
79.124.77.148:3128,0
54.152.3.36:80,0
8.211.194.78:5060,0
8.221.141.88:80,0
121.239.249.90:8989,0
182.253.40.49:8080,0
65.111.15.112:8080,0
8.211.195.173:8008,0
8.130.37.235:9080,0
81.162.198.6:4153,0
36.89.218.67:1080,0
27.147.152.66:58080,0
103.138.71.167:8183,0
46.188.2.42:5678,0
41.203.84.134:8080,0
181.129.198.58:5678,0
31.58.18.181:6450,0
154.16.146.48:80,0
47.91.120.190:9098,0
195.225.48.177:55774,0
130.193.126.244:5678,0
91.185.236.239:4145,0
8.220.205.172:4002,0
164.92.246.97:8080,0
183.240.196.55:38080,0
8.213.128.6:4000,0
159.65.230.46:8888,0
172.64.104.38:80,0
66.29.154.105:3128,0
80.191.169.69:4145,0
188.247.61.234:8080,0
43.201.121.81:80,0
180.252.178.7:1337,0
147.45.49.234:3128,0
101.255.166.242:8080,0
102.221.40.114:8080,0
103.146.185.176:1083,0
67.43.228.250:16623,0
103.166.0.254:7878,0
183.60.141.17:443,0
39.109.113.97:4090,0
167.249.29.214:999,0
1.92.79.157:7892,0
38.159.63.8:999,0
180.210.89.215:3128,0
111.72.198.123:8989,0
146.103.3.89:7142,0
8.213.128.90:2020,0
156.228.102.141:3128,0
104.207.63.185:3128,0
213.147.107.178:4153,0
122.10.225.55:8000,0
20.13.148.109:8080,0
217.15.166.95:80,0
156.228.110.181:3128,0
147.135.228.38:11615,0
31.59.33.43:6619,0
47.89.184.18:3128,0
162.240.104.82:62280,0
167.172.162.201:3128,0
182.93.75.77:8080,0
8.220.204.92:8008,0
177.234.193.93:20201,0
177.93.37.35:999,0
104.207.51.8:3128,0
188.164.196.11:61678,0
154.61.75.18:42881,0
46.161.194.91:8085,0
115.74.0.47:10001,0
47.237.2.245:4145,0
8.213.222.157:443,0
117.102.67.67:8050,0
154.94.15.215:1080,0
179.57.170.143:999,0
147.135.228.38:27040,0
8.213.222.157:18080,0
51.75.126.176:4423,0
202.40.178.34:2930,0
156.253.171.252:3128,0
103.8.249.233:8080,0
77.242.177.57:3128,0
163.172.164.115:16379,0
161.97.129.202:9060,0
79.174.12.190:80,0
185.166.24.221:1981,0
36.90.48.84:4153,0
8.213.222.247:3333,0
103.162.54.203:8080,0
39.101.65.228:55443,0
207.180.202.102:20046,0
182.253.178.231:3128,0
110.78.149.186:4145,0
103.140.188.155:2121,0
58.9.2.49:5002,0
39.185.36.193:5911,0
103.151.30.49:1080,0
46.141.17.29:1080,0
91.92.213.58:8080,0
103.111.39.85:8080,0
39.185.37.193:5911,0
103.147.247.189:8080,0
103.109.56.97:1080,0
107.181.154.231:5909,0
43.133.76.115:15673,0
72.14.190.102:24692,0
176.31.110.126:45517,0
103.154.230.129:8080,0
133.232.90.29:80,0
190.58.248.86:80,0
163.172.235.236:3131,0
110.232.87.251:8080,0
171.243.25.44:5311,0
124.122.38.57:8080,0
156.253.174.150:3128,0
197.157.195.37:6699,0
8.211.42.167:5060,0
103.163.244.212:82,0
157.66.84.24:1983,0
81.91.157.134:5678,0
104.225.220.233:80,0
148.66.6.212:80,0
168.205.217.132:4145,0
111.68.127.170:4153,0
47.74.226.8:5001,0
173.249.28.218:47525,0
101.255.158.41:8080,0
51.15.205.29:16379,0
94.228.253.51:4145,0
39.104.59.56:8080,0
83.219.145.108:3128,0
91.201.115.137:31222,0
197.234.13.39:4145,0
119.28.74.177:10004,0
50.223.246.237:80,0
45.131.4.50:80,0
185.162.60.6:8080,0
43.248.27.11:54730,0
156.228.101.114:3128,0
171.224.48.220:16384,0
104.207.34.13:3128,0
188.124.15.13:3629,0
38.255.23.131:999,0
101.51.105.167:4145,0
8.211.195.139:28737,0
109.248.236.150:9898,0
103.245.205.226:6969,0
46.32.25.18:7070,0
110.235.250.155:1080,0
41.65.67.167:1976,0
47.254.241.21:21491,0
38.10.69.101:9090,0
93.126.56.30:4153,0
176.112.96.2:3629,0
95.43.244.15:4153,0
103.48.68.123:83,0
82.66.210.159:8118,0
212.47.243.66:16379,0
217.69.121.124:5789,0
92.255.88.219:1080,0
107.181.154.238:5916,0
181.225.78.57:999,0
8.213.215.187:1080,0
50.239.72.19:80,0
139.84.217.117:3129,0
156.253.170.198:3128,0
39.185.41.193:5911,0
72.10.160.170:26893,0
221.231.13.198:1080,0
31.211.142.115:8192,0
77.241.20.215:55915,0
103.247.23.181:1111,0
134.122.43.203:56442,0
27.75.144.7:1080,0
160.25.245.8:8080,0
104.244.74.206:38118,0
170.150.154.98:5678,0
185.207.205.134:8001,0
95.111.227.164:40538,0
47.251.122.81:8888,0
119.252.251.79:3128,0
41.60.233.192:8080,0
156.228.90.212:3128,0
201.148.32.162:80,0
103.60.138.2:4153,0
3.12.144.146:3128,0
167.235.77.25:80,0
190.120.252.81:999,0
34.87.84.105:80,0
8.215.15.163:1080,0
47.91.115.179:8080,0
38.54.71.67:80,0
67.43.227.226:30373,0
103.61.198.118:4145,0
38.156.73.154:8080,0
72.10.164.178:6449,0
3.139.242.184:80,0
202.79.35.143:4153,0
107.181.154.120:5798,0
43.128.144.12:15673,0
154.94.14.124:1080,0
154.94.15.39:1080,0
177.234.211.63:999,0
125.234.89.18:1080,0
102.209.191.10:8080,0
54.248.238.110:80,0
34.215.138.104:3128,0
178.165.42.166:3128,0
188.166.231.167:7497,0
185.132.242.212:8083,0
154.236.168.176:1976,0
118.70.211.121:60606,0
104.207.35.91:3128,0
45.174.191.19:20183,0
45.230.51.4:999,0
8.213.134.213:1000,0
8.130.36.245:9999,0
47.88.59.79:82,0
24.76.16.12:5678,0
8.221.141.88:4002,0
50.207.199.80:80,0
185.157.160.159:8118,0
104.20.125.124:80,0
154.94.12.104:1080,0
102.208.228.11:3128,0
62.205.169.74:53281,0
8.213.129.15:9992,0
198.105.111.67:6745,0
116.99.59.102:8080,0
52.73.224.54:3128,0
194.44.166.182:8099,0
67.43.228.251:10901,0
8.211.194.85:144,0
185.226.207.61:5610,0
209.126.105.203:62161,0
103.36.133.74:7198,0
186.56.43.252:5678,0
23.19.244.109:1080,0
148.72.209.120:54327,0
146.103.3.57:7110,0
118.113.244.69:2324,0
121.200.60.198:8010,0
124.221.94.251:2080,0
36.136.27.2:4999,0
72.10.160.170:18439,0
72.10.160.170:5929,0
195.219.98.27:5678,0
72.10.160.170:14733,0
164.70.70.2:3128,0
185.23.81.5:1080,0
103.179.46.49:6789,0
82.147.153.6:4153,0
45.179.203.11:999,0
189.50.111.105:3629,0
147.75.34.92:9443,0
27.131.250.210:8080,0
185.79.241.34:42756,0
51.91.109.83:80,0
47.238.134.126:4002,0
156.228.119.51:3128,0
46.8.60.2:1080,0
147.75.34.92:9401,0
69.49.228.101:3128,0
204.236.176.61:3128,0
47.90.149.238:3128,0
146.56.161.26:18433,0
74.207.236.161:60458,0
27.111.74.118:3127,0
59.153.99.173:8080,0
149.129.255.179:4002,0
104.207.39.184:3128,0
104.207.48.193:3128,0
50.168.72.119:80,0
170.85.54.254:10160,0
194.87.244.67:8080,0
161.97.136.251:3128,0
43.134.169.221:443,0
45.174.77.1:999,0
54.212.22.168:1080,0
113.160.132.195:8080,0
200.10.37.249:7777,0
8.220.204.215:4002,0
27.79.239.226:16000,0
92.60.190.79:3128,0
103.82.126.202:8080,0
178.32.47.218:38650,0
89.46.249.252:8765,0
183.215.23.242:9091,0
140.110.160.38:3128,0
51.254.132.238:80,0
72.240.9.63:80,0
13.38.176.104:3128,0
103.137.85.29:83,0
109.224.22.34:51372,0
142.171.168.135:8888,0
103.148.44.101:8080,0
61.29.96.146:8000,0
119.10.177.107:1080,0
119.2.48.12:9669,0
103.86.1.34:4145,0
172.233.14.116:1080,0
162.241.73.195:32617,0
171.228.181.80:10089,0
38.183.146.171:8090,0
67.43.228.250:7125,0
93.183.70.222:47315,0
8.220.204.215:5060,0
156.228.78.49:3128,0
36.94.110.49:5678,0
8.220.204.215:443,0
8.213.156.191:800,0
51.161.56.52:80,0
104.143.224.43:5904,0
103.76.13.142:80,0
140.250.144.18:1080,0
67.205.177.122:31921,0
98.103.88.158:46104,0
13.208.56.180:80,0
188.125.169.94:8080,0
150.129.57.253:4153,0
190.114.245.122:999,0
195.140.226.32:5678,0
184.95.235.194:1080,0
177.70.66.49:4145,0
38.52.155.102:999,0
103.9.134.234:100,0
154.94.13.181:1080,0
177.74.200.69:5678,0
162.0.220.222:31205,0
8.213.222.247:8443,0
27.189.134.162:8089,0
180.211.158.90:5678,0
46.34.165.86:443,0
103.186.204.42:8085,0
103.193.144.203:8080,0
103.122.1.61:8181,0
104.207.33.126:3128,0
103.130.104.62:83,0
8.146.200.53:80,0
170.81.108.47:4153,0
156.253.173.107:3128,0
103.166.241.2:1080,0
51.15.241.34:3128,0
39.185.14.193:5911,0
181.215.253.112:5001,0
67.43.236.18:4315,0
79.110.202.131:8081,0
154.236.177.101:1976,0
91.228.245.196:60606,0
171.6.95.134:4153,0
168.227.158.9:4145,0
45.120.38.246:1088,0
15.207.106.154:9080,0
190.14.249.217:999,0
3.127.62.252:80,0
162.220.247.60:6655,0
178.252.183.242:3128,0
156.228.92.101:3128,0
139.59.43.165:53377,0
59.53.80.122:10024,0
3.136.29.104:80,0
104.207.36.86:3128,0
103.124.138.76:1111,0
36.103.167.209:7890,0
36.111.142.2:12798,0
122.2.48.121:8080,0
202.40.188.2:1088,0
186.96.74.147:999,0
45.92.108.112:80,0
35.209.198.222:80,0
45.65.229.19:4145,0
67.43.227.226:18473,0
51.75.206.209:80,0
147.45.170.65:1080,0
142.93.202.130:3128,0
27.124.93.197:8080,0
18.185.169.150:3128,0
72.10.160.174:8717,0
185.210.227.102:4145,0
46.32.163.65:4153,0
8.213.195.191:9191,0
91.142.222.105:60164,0
222.68.36.49:1080,0
146.70.164.210:1080,0
104.207.48.224:3128,0
195.234.62.51:80,0
104.207.40.125:3128,0
111.132.17.209:3389,0
203.150.172.151:8080,0
62.141.36.206:80,0
45.174.95.137:8080,0
8.215.69.95:3128,0
114.6.27.84:8520,0
72.10.160.90:25601,0
8.213.134.213:5060,0
45.189.252.226:999,0
8.213.134.213:6666,0
190.94.212.244:999,0
8.221.139.222:31433,0
103.214.102.171:8083,0
45.148.250.241:8080,0
138.255.240.66:40736,0
31.42.185.134:1080,0
44.219.175.186:80,0
57.182.50.104:8000,0
202.51.98.229:7000,0
93.127.215.97:80,0
184.181.217.213:4145,0
13.36.104.85:80,0
185.46.10.13:1080,0
51.195.200.115:31280,0
116.104.43.113:1080,0
45.76.190.13:10481,0
141.94.106.195:54165,0
103.159.68.146:8080,0
47.237.92.86:88,0
20.206.106.192:8123,0
147.45.104.252:80,0
109.227.6.197:4145,0
198.12.85.213:80,0
139.84.135.239:1080,0
13.36.87.105:3128,0
47.90.205.231:33333,0
45.4.0.60:999,0
79.101.37.78:3128,0
188.165.247.6:23886,0
83.234.147.166:6363,0
88.151.187.133:9123,0
171.252.46.48:1080,0
103.87.148.17:8085,0
46.173.208.61:1194,0
8.220.204.92:18080,0
156.228.103.164:3128,0
104.207.45.114:3128,0
104.207.59.64:3128,0
52.13.248.29:1080,0
109.248.236.150:60606,0
45.225.207.179:999,0
103.158.162.18:8080,0
137.66.47.158:80,0
58.59.60.94:10800,0
193.169.81.91:5678,0
43.246.200.142:9080,0
8.215.15.250:3128,0
104.164.176.14:64854,0
208.109.9.250:52927,0
72.10.164.178:4981,0
8.209.96.245:3128,0
185.172.214.112:80,0
115.75.99.65:4153,0
47.254.36.213:8001,0
50.202.75.26:80,0
201.174.175.38:999,0
104.207.42.166:3128,0
146.103.56.45:5593,0
121.146.71.254:3101,0
103.242.104.146:3127,0
103.105.79.69:1080,0
203.188.245.98:52837,0
190.8.164.25:8086,0
51.68.87.73:45177,0
119.46.2.247:4145,0
81.94.150.182:1080,0
211.234.125.5:443,0
78.80.228.150:80,0
203.115.101.51:82,0
103.17.150.25:8080,0
154.236.168.176:1981,0
147.182.239.59:2990,0
8.213.128.6:87,0
13.37.89.201:80,0
187.45.105.25:8080,0
139.162.78.109:8080,0
95.111.230.79:55284,0
118.113.245.131:2324,0
31.207.47.30:11141,0
103.131.18.194:8080,0
168.181.87.49:8080,0
3.71.239.218:80,0
91.135.80.66:33427,0
197.201.96.123:80,0
39.185.44.127:5911,0
82.77.129.205:5678,0
110.43.221.121:7088,0
47.74.46.81:11310,0
157.254.53.50:80,0
43.153.175.43:443,0
27.189.134.21:8089,0
155.254.38.93:5769,0
190.97.231.206:999,0
45.116.230.79:4673,0
72.10.164.178:1417,0
70.60.230.3:34116,0
54.38.181.125:80,0
103.230.49.132:8080,0
188.125.167.82:8080,0
3.90.100.12:80,0
80.78.64.70:4145,0
38.51.233.146:60606,0
104.19.225.70:80,0
1.20.227.66:4145,0
146.59.202.70:80,0
103.41.88.6:84,0
46.51.249.135:3128,0
184.168.120.115:55220,0
45.43.64.140:6398,0
175.34.36.22:8888,0
37.229.232.111:8080,0
186.24.9.204:9898,0
8.221.141.88:31433,0
45.131.7.126:80,0
103.247.14.25:9285,0
170.233.117.44:5678,0
202.5.36.152:5020,0
123.154.152.224:8085,0
112.198.179.57:8082,0
104.16.105.142:80,0
36.111.142.177:12792,0
154.16.146.41:80,0
46.55.143.145:8080,0
47.109.83.196:8888,0
49.229.36.171:4153,0
103.88.239.178:84,0
104.207.43.186:3128,0
198.105.111.118:6796,0
77.50.100.180:8080,0
39.185.50.193:5911,0
121.227.118.142:8089,0
8.211.194.85:312,0
39.105.136.97:3129,0
31.146.73.192:4153,0
41.209.10.205:8080,0
50.207.199.83:80,0
94.232.11.178:46449,0
156.228.118.206:3128,0
27.79.194.186:16000,0
91.221.177.40:80,0
35.76.62.196:80,0
156.228.86.110:3128,0
67.43.228.253:1695,0
69.70.244.34:80,0
34.0.47.102:3128,0
192.121.245.99:8118,0
173.231.106.226:8080,0
51.79.29.206:3128,0
99.233.122.60:3128,0
139.64.245.176:80,0
192.99.182.243:3128,0
67.43.227.227:11837,0
67.43.236.20:4379,0
137.184.163.173:8888,0
72.10.173.106:8118,0
51.222.200.68:3128,0
129.97.7.104:443,0
178.128.226.59:9595,0
192.99.44.178:3128,0
193.203.203.162:59286,0
72.10.164.178:23099,0
207.90.192.191:3128,0
67.43.227.226:21637,0
104.152.209.6:3128,0
142.93.154.104:80,0
45.59.188.219:3128,0
165.22.226.22:3128,0
142.59.30.212:8888,0
51.222.114.109:3128,0
51.222.102.172:80,0
72.10.160.90:29883,0
51.222.102.172:8080,0
72.10.160.173:31951,0
167.114.98.246:9595,0
174.94.228.163:80,0
192.121.245.37:8118,0
192.99.148.189:3128,0
34.130.87.204:3128,0
38.29.32.240:3128,0
72.10.160.174:2991,0
72.10.164.178:31249,0
72.10.164.178:3935,0
72.10.160.92:26739,0
51.222.161.115:80,0
149.248.57.70:8888,0
72.10.160.173:23285,0
72.10.160.90:2533,0
67.43.227.227:19963,0
72.10.164.178:2759,0
72.10.160.90:16415,0
67.43.227.226:5221,0
72.10.160.173:24151,0
72.10.164.178:3901,0
51.79.47.237:80,0
72.10.160.90:8947,0
172.105.99.212:8989,0
72.10.164.178:13921,0
67.43.236.20:24921,0
67.43.228.253:14699,0
72.10.160.90:29685,0
198.91.163.172:808,0
162.223.116.54:80,0
24.57.147.22:8080,0
51.222.32.203:3128,0
24.207.79.154:8000,0
3.96.206.163:3128,0
3.96.214.10:3128,0
158.69.31.71:3128,0
72.10.164.178:16479,0
72.10.160.90:33265,0
52.60.241.7:3128,0
66.85.30.139:80,0
204.83.205.117:3128,0
162.220.204.69:53281,0
158.51.210.75:8888,0
66.70.225.202:8050,0
149.56.148.20:80,0
67.43.227.227:30609,0
147.182.148.181:80,0
15.235.47.90:3128,0
138.197.129.19:8082,0
167.114.86.188:3128,0
69.171.76.99:8081,0
51.79.23.17:8050,0
192.99.78.5:3128,0
72.10.160.90:19829,0
72.10.164.178:12771,0
67.43.228.253:25775,0
72.10.164.178:6639,0
15.157.83.243:3128,0
72.10.164.178:20025,0
149.56.18.62:8888,0
52.60.241.7:8080,0
158.69.7.48:8050,0
51.222.245.101:80,0
66.70.197.196:8050,0
67.43.227.228:11669,0
149.56.152.169:80,0
67.43.236.20:8459,0
51.222.9.156:80,0
68.183.200.251:3128,0
172.105.22.196:8080,0
24.150.36.193:3128,0
51.161.73.172:8050,0
51.79.49.178:3128,0
96.53.48.166:8080,0
198.168.189.54:80,0
158.69.59.135:80,0
23.162.200.154:3128,0
23.162.200.26:3128,0
154.47.17.180:8080,0
66.70.235.23:8080,0
72.38.237.211:3129,0
158.69.63.57:3128,0
70.38.0.81:4128,0
70.38.0.82:4128,0
70.38.0.96:4128,0
70.38.0.80:4128,0
70.38.0.98:4128,0
96.49.63.13:3128,0
209.59.248.154:8080,0
70.38.0.97:4128,0
67.43.228.253:19775,0
64.56.159.214:3128,0
107.6.27.132:80,0
67.43.227.227:26475,0
72.10.164.178:29589,0
67.43.228.252:7333,0
72.10.164.178:16039,0
104.37.66.50:3128,0
72.10.164.178:22847,0
66.70.253.98:8050,0
72.10.160.90:31099,0
149.56.70.61:80,0
72.10.164.178:17035,0
67.43.227.227:11417,0
199.247.206.214:3128,0
67.43.227.227:32901,0
66.70.197.195:8050,0
72.10.164.178:17959,0
72.10.160.172:27175,0
198.50.121.146:3128,0
184.107.23.85:3128,0
184.107.23.83:3128,0
51.222.56.32:8050,0
51.222.116.84:8050,0
184.107.109.163:3128,0
184.107.120.75:3128,0
146.19.106.109:3128,0
67.43.228.253:27589,0
198.50.122.1:3128,0
184.107.109.155:3128,0
184.107.109.164:3128,0
184.107.109.161:3128,0
184.107.109.153:3128,0
184.107.120.77:3128,0
184.107.109.167:3128,0
184.107.120.76:3128,0
198.50.209.165:3128,0
184.107.109.169:3128,0
51.79.98.216:11010,0
198.50.176.133:80,0
184.107.109.170:3128,0
139.144.110.175:8080,0
198.50.122.181:3128,0
184.107.120.70:3128,0
184.107.120.72:3128,0
184.107.109.168:3128,0
184.107.109.172:3128,0
192.99.154.187:3128,0
67.43.236.20:9933,0
192.99.208.0:8050,0
91.194.11.80:80,0
51.222.231.166:9090,0
54.39.85.84:3128,0
67.43.236.20:9155,0
198.245.55.30:3128,0
148.113.140.211:8888,0
134.122.33.220:3128,0
172.105.7.192:3128,0
198.144.149.82:3128,0
149.19.224.36:3128,0
149.19.224.15:3128,0
51.195.76.214:3128,0
72.10.160.171:13013,0
51.79.207.228:3128,0
67.43.236.20:32447,0
181.114.225.186:8080,0
67.43.236.20:16333,0
45.114.144.249:32650,0
79.117.2.168:3128,0
191.252.196.14:8889,0
181.114.225.187:8080,0
72.10.164.178:32031,0
103.226.232.197:8099,0
18.246.227.144:3128,0
43.224.248.42:3128,0
83.167.73.125:3128,0
67.43.227.227:30179,0
150.95.104.109:8080,0
38.43.123.133:999,0
103.228.243.149:8080,0
103.39.51.73:8181,0
200.174.198.86:8888,0
38.255.84.202:999,0
168.196.161.5:8080,0
82.65.98.35:3128,0
169.159.128.116:8082,0
164.163.42.13:10000,0
138.118.104.33:8080,0
189.240.60.170:9090,0
164.163.42.9:10000,0
41.128.90.54:1976,0
152.32.129.54:8090,0
44.220.245.246:3128,0
72.10.160.172:5657,0
67.43.227.228:3549,0
115.42.67.186:8080,0
164.163.42.1:10000,0
43.229.254.221:8181,0
122.54.119.79:8080,0
140.110.160.151:3128,0
191.97.68.42:8080,0
181.188.146.146:3128,0
164.163.42.14:10000,0
114.200.242.187:3128,0
103.105.55.51:9090,0
161.132.41.36:8080,0
72.10.160.173:13259,0
20.244.106.115:3128,0
124.121.2.194:8080,0
108.48.203.247:3129,0
178.217.168.164:55443,0
164.163.42.24:10000,0
146.83.216.227:80,0
200.106.236.142:3128,0
164.163.42.12:10000,0
113.192.30.183:8080,0
92.124.132.106:3128,0
3.16.81.5:3128,0
67.43.236.18:29899,0
125.99.106.250:3128,0
190.52.100.49:999,0
103.250.130.230:8080,0
164.163.42.27:10000,0
164.70.69.94:3128,0
190.121.153.68:999,0
156.224.79.51:3128,0
34.255.177.69:3128,0
164.70.69.53:3128,0
103.76.149.14:8080,0
109.120.184.133:3128,0
103.87.171.173:32650,0
14.47.70.137:8080,0
179.1.110.87:8080,0
168.167.98.51:8080,0
43.208.11.146:7049,0
119.110.233.203:3129,0
223.206.49.219:8080,0
35.159.120.37:3128,0
3.233.129.152:3128,0
137.63.147.10:80,0
164.163.42.18:10000,0
103.31.241.213:8080,0
159.223.52.167:3128,0
147.45.77.4:3129,0
150.241.108.211:3128,0
164.163.42.17:10000,0
164.163.42.33:10000,0
154.6.189.35:3128,0
20.27.86.185:8080,0
150.241.86.253:3128,0
103.234.26.113:8080,0
3.85.111.154:3128,0
119.252.251.86:3128,0
128.199.211.41:8080,0
185.25.22.185:3128,0
185.49.165.129:3128,0
103.1.50.35:3125,0
154.195.77.169:3128,0
5.75.204.29:8213,0
43.231.78.82:8080,0
62.72.58.72:3128,0
104.248.130.209:3128,0
195.159.124.57:85,0
164.163.42.30:10000,0
38.158.202.121:999,0
20.204.175.243:3128,0
202.57.25.246:3125,0
159.255.163.153:47193,0
91.92.133.51:1080,0
